{
  "bins": [
    0.0,
    0.03333333507180214,
    0.06666667014360428,
    0.10000000149011612,
    0.13333334028720856,
    0.1666666716337204,
    0.20000000298023224,
    0.23333333432674408,
    0.2666666805744171,
    0.30000001192092896,
    0.3333333432674408,
    0.36666667461395264,
    0.4000000059604645,
    0.4333333373069763,
    0.46666666865348816,
    0.5,
    0.5333333611488342,
    0.5666666626930237,
    0.6000000238418579,
    0.6333333253860474,
    0.6666666865348816,
    0.699999988079071,
    0.7333333492279053,
    0.7666666507720947,
    0.800000011920929,
    0.8333333134651184,
    0.8666666746139526,
    0.8999999761581421,
    0.9333333373069763,
    0.9666666388511658,
    1.0
  ],
  "counts": [
    819841,
    835047,
    813021,
    821199,
    826213,
    841274,
    834675,
    854876,
    840364,
    846338,
    844492,
    860780,
    860519,
    886409,
    894271,
    905027,
    891698,
    881625,
    878495,
    879341,
    870510,
    875416,
    882307,
    883101,
    893230,
    900856,
    910911,
    910309,
    892868,
    864191
  ]
}