{
  "dow": [
    0,
    1,
    2,
    3,
    4,
    5,
    6
  ],
  "mae": [
    0.7876381874084473,
    0.7882298231124878,
    0.7899771928787231,
    0.7886710166931152,
    0.7865830659866333,
    0.7855513691902161,
    0.7831871509552002
  ]
}