{
  "hour": [
    0,
    1,
    2,
    3,
    4,
    5,
    6,
    7,
    8,
    9,
    10,
    11,
    12,
    13,
    14,
    15,
    16,
    17,
    18,
    19,
    20,
    21,
    22,
    23
  ],
  "mae": [
    0.783649742603302,
    0.7781338691711426,
    0.7815426588058472,
    0.7838542461395264,
    0.7850871682167053,
    0.7881833910942078,
    0.7894178032875061,
    0.7884117364883423,
    0.7891076803207397,
    0.7897371053695679,
    0.7902265787124634,
    0.7901328802108765,
    0.7889876365661621,
    0.7881536483764648,
    0.7882707715034485,
    0.7889888286590576,
    0.7876904606819153,
    0.7880972623825073,
    0.7875010967254639,
    0.7882216572761536,
    0.7871934771537781,
    0.7863391637802124,
    0.7865082025527954,
    0.7846872806549072
  ]
}