{
  "horizon": [
    1,
    2,
    3,
    4,
    5,
    6,
    7,
    8,
    9,
    10,
    11,
    12,
    13,
    14,
    15,
    16,
    17,
    18,
    19,
    20,
    21,
    22,
    23,
    24
  ],
  "mae": [
    0.7826173305511475,
    0.7851429581642151,
    0.7859458923339844,
    0.7862276434898376,
    0.7863417863845825,
    0.7863919734954834,
    0.7865122556686401,
    0.7869238257408142,
    0.7867720127105713,
    0.7869575619697571,
    0.7869774103164673,
    0.7869357466697693,
    0.7870087623596191,
    0.7870590090751648,
    0.7871245741844177,
    0.7872636914253235,
    0.7878339290618896,
    0.7878096103668213,
    0.7879296541213989,
    0.788102388381958,
    0.7884085178375244,
    0.789054811000824,
    0.7892400026321411,
    0.789490282535553
  ]
}