{
  "mae": 0.7871840000152588,
  "rmse": 0.9233992695808411,
  "r2": 0.17385488748550415,
  "within_010": 0.06310891609457399,
  "within_015": 0.09446047456381641,
  "n_samples": 39105552
}